Name, Title, Experience, Link
이OO, OO(비공개) QA 과장(선임연구원), 21년 4개월, https://www.jobkorea.co.kr/corp/person/find/resume/view?rNo=1036132
이OO, OO(비공개) 근무 부장(연구소장), 19년 7개월, https://www.jobkorea.co.kr/corp/person/find/resume/view?rNo=2518595
송OO, ㈜아워콤 SI 사업부 부장(연구소장), 23년 3개월, https://www.jobkorea.co.kr/corp/person/find/resume/view?rNo=2517848
어OO, 하나은행 클라우드본부 차장(수석연구원), 20년 9개월, https://www.jobkorea.co.kr/corp/person/find/resume/view?rNo=5531032
김OO, OO(비공개) 근무 과장(선임연구원), 19년 9개월, https://www.jobkorea.co.kr/corp/person/find/resume/view?rNo=5216284
