Name, Title, Experience, Link
정OO, 시큐아이 품질보증 부장(연구소장), 30년, https://www.jobkorea.co.kr/corp/person/find/resume/view?rNo=11616557
박OO, 인팩일렉스㈜ 품질보증팀, 15년 9개월, https://www.jobkorea.co.kr/corp/person/find/resume/view?rNo=20232257
김OO, 주식회사 직방 ( ZIGBANG Co. Ltd ) 품질관리 과장(선임연구원), 11년 10개월, https://www.jobkorea.co.kr/corp/person/find/resume/view?rNo=28954955
심OO, ㈜엠아이티마스 인프라운영팀 과장(선임연구원), 16년 1개월, https://www.jobkorea.co.kr/corp/person/find/resume/view?rNo=8234020
이OO, OO(비공개) S/W QA 과장(선임연구원), 10년 11개월, https://www.jobkorea.co.kr/corp/person/find/resume/view?rNo=26141255
