Name, Title, Experience, Link
오OO, OO(비공개) SI 사업본부, 25년 5개월, https://www.jobkorea.co.kr/corp/person/find/resume/view?rNo=11154342
안OO, OO(비공개) 근무 대리(주임연구원), 6년 4개월, https://www.jobkorea.co.kr/corp/person/find/resume/view?rNo=17913032
전OO, 모바일나인㈜ 근무, 20년 11개월, https://www.jobkorea.co.kr/corp/person/find/resume/view?rNo=9318835
김OO, 드리고 싶은 말씀 근무, 14년 2개월, https://www.jobkorea.co.kr/corp/person/find/resume/view?rNo=7009581
이OO, OO(비공개) 근무 부장(연구소장), 19년 7개월, https://www.jobkorea.co.kr/corp/person/find/resume/view?rNo=2518595
